INSERT INTO educational_institution (id, cnpj, name)
VALUES (1, '18.123.456/0001-95', 'Pontifícia Universidade Católica de Minas Gerais - PUC Minas'),
       (2, '23.654.789/0001-10', 'Universidade Federal de Minas Gerais - UFMG'),
       (3, '30.987.654/0001-22', 'Centro Universitário de Belo Horizonte - UniBH'),
       (4, '45.123.987/0001-33', 'Faculdade Pitágoras de Belo Horizonte'),
       (5, '50.765.432/0001-44', 'Centro Universitário Newton Paiva'),
       (6, '61.876.543/0001-55', 'Faculdade de Ciências Médicas de Minas Gerais'),
       (7, '72.345.678/0001-66', 'Faculdade Promove de Belo Horizonte'),
       (8, '81.234.567/0001-77', 'Universidade FUMEC'),
       (9, '92.345.678/0001-88', 'Escola Superior Dom Helder Câmara'),
       (10, '10.876.543/0001-99', 'Faculdade Senac Minas');

INSERT INTO course (id, name)
VALUES (1, 'ADMINISTRACAO'),
       (2, 'ARQUITETURA_E_URBANISMO'),
       (3, 'BIOLOGIA'),
       (4, 'BIOMEDICINA'),
       (5, 'CIENCIA_DA_COMPUTACAO'),
       (6, 'CIENCIA_DE_DADOS_E_INTELIGENCIA_ARTIFICIAL'),
       (7, 'CIENCIAS_BIOLOGICAS'),
       (8, 'CIENCIAS_CONTABEIS'),
       (9, 'CIENCIAS_ECONOMICAS'),
       (10, 'CIENCIAS_SOCIAIS'),
       (11, 'CINEMA_E_AUDIOVISUAL'),
       (12, 'DIREITO'),
       (13, 'EDUCACAO_FISICA'),
       (14, 'ENGENHARIA_AERONAUTICA'),
       (15, 'ENGENHARIA_CIVIL'),
       (16, 'ENGENHARIA_DE_COMPUTACAO'),
       (17, 'ENGENHARIA_DE_CONTROLE_E_AUTOMACAO'),
       (18, 'ENGENHARIA_DE_ENERGIA'),
       (19, 'ENGENHARIA_DE_PRODUCAO'),
       (20, 'ENGENHARIA_DE_SOFTWARE'),
       (21, 'ENGENHARIA_ELETRICA'),
       (22, 'ENGENHARIA_ELETRONICA_E_DE_TELECOMUNICACAO'),
       (23, 'ENGENHARIA_MECANICA'),
       (24, 'ENGENHARIA_MECATRONICA'),
       (25, 'ENGENHARIA_METALURGICA'),
       (26, 'ENGENHARIA_QUIMICA'),
       (27, 'ENFERMAGEM'),
       (28, 'FARMACIA'),
       (29, 'FILOSOFIA'),
       (30, 'FISICA'),
       (31, 'FISIOTERAPIA'),
       (32, 'FONOAUDIOLOGIA'),
       (33, 'GEOGRAFIA'),
       (34, 'HISTORIA'),
       (35, 'JOGOS_DIGITAIS'),
       (36, 'JORNALISMO'),
       (37, 'LETAS'),
       (38, 'MARKETING'),
       (39, 'MATEMATICA'),
       (40, 'MEDICINA'),
       (41, 'MEDICINA_VETERINARIA'),
       (42, 'NUTRICAO'),
       (43, 'ODONTOLOGIA'),
       (44, 'PEDAGOGIA'),
       (45, 'PSICOLOGIA'),
       (46, 'PUBLICIDADE_E_PROPAGANDA'),
       (47, 'RELACOES_INTERNACIONAIS'),
       (48, 'RELACOES_PUBLICAS'),
       (49, 'SERVICO_SOCIAL'),
       (50, 'SISTEMAS_DE_INFORMACAO'),
       (51, 'TECNOLOGIA_EM_ANALISE_E_DESENVOLVIMENTO_DE_SISTEMAS'),
       (52, 'TECNOLOGIA_EM_BANCO_DE_DADOS'),
       (53, 'TECNOLOGIA_EM_COMERCIO_EXTERIOR'),
       (54, 'TECNOLOGIA_EM_CONSTRUCAO_DE_EDIFICIOS'),
       (55, 'TECNOLOGIA_EM_GESTAO_COMERCIAL'),
       (56, 'TECNOLOGIA_EM_GESTAO_DA_PRODUCAO_INDUSTRIAL'),
       (57, 'TECNOLOGIA_EM_GESTAO_DE_RECURSOS_HUMANOS'),
       (58, 'TECNOLOGIA_EM_GESTAO_FINANCEIRA'),
       (59, 'TECNOLOGIA_EM_GESTAO_PUBLICA'),
       (60, 'TECNOLOGIA_EM_GESTAO_DE_TECNOLOGIA_DA_INFORMACAO'),
       (61, 'TECNOLOGIA_EM_JOGOS_DIGITAIS'),
       (62, 'TECNOLOGIA_EM_LOGISTICA'),
       (63, 'TECNOLOGIA_EM_PROCESSOS_GERENCIAIS'),
       (64, 'TECNOLOGIA_EM_PROCESSOS_METALURGICOS'),
       (65, 'TECNOLOGIA_EM_PRODUCAO_AUDIOVISUAL'),
       (66, 'TECNOLOGIA_EM_REDES_DE_COMPUTADORES'),
       (67, 'TECNOLOGIA_EM_SEGURANCA_DA_INFORMACAO'),
       (68, 'TEOLOGIA');


INSERT INTO student (id, name, email, cpf, rg, educational_institution_id, course_id)
VALUES (1, 'Lucas Almeida', 'lucas.almeida@example.com', '12345678901', 'MG1234567', 1, 5),
       (2, 'Ana Beatriz Souza', 'ana.souza@example.com', '23456789012', 'MG2345678', 2, 12),
       (3, 'Pedro Henrique Santos', 'pedro.santos@example.com', '34567890123', 'MG3456789', 3, 20),
       (4, 'Mariana Oliveira', 'mariana.oliveira@example.com', '45678901234', 'MG4567890', 1, 14),
       (5, 'Gabriel Ferreira', 'gabriel.ferreira@example.com', '56789012345', 'MG5678901', 4, 22),
       (6, 'Julia Pereira', 'julia.pereira@example.com', '67890123456', 'MG6789012', 5, 28),
       (7, 'Rafael Costa', 'rafael.costa@example.com', '78901234567', 'MG7890123', 6, 35),
       (8, 'Isabela Rodrigues', 'isabela.rodrigues@example.com', '89012345678', 'MG8901234', 2, 43),
       (9, 'Bruno Martins', 'bruno.martins@example.com', '90123456789', 'MG9012345', 3, 18),
       (10, 'Larissa Silva', 'larissa.silva@example.com', '01234567890', 'MG0123456', 1, 27),
       (11, 'Mateus Lima', 'mateus.lima@example.com', '10234567891', 'MG1023456', 4, 10),
       (12, 'Camila Rocha', 'camila.rocha@example.com', '11234567892', 'MG1123456', 5, 50),
       (13, 'Felipe Nunes', 'felipe.nunes@example.com', '12234567893', 'MG1223456', 6, 3),
       (14, 'Aline Cardoso', 'aline.cardoso@example.com', '13234567894', 'MG1323456', 2, 38),
       (15, 'Rodrigo Barros', 'rodrigo.barros@example.com', '14234567895', 'MG1423456', 3, 19),
       (16, 'Patricia Mendes', 'patricia.mendes@example.com', '15234567896', 'MG1523456', 1, 6),
       (17, 'Tiago Freitas', 'tiago.freitas@example.com', '16234567897', 'MG1623456', 4, 45),
       (18, 'Vanessa Ribeiro', 'vanessa.ribeiro@example.com', '17234567898', 'MG1723456', 5, 61),
       (19, 'Diego Araujo', 'diego.araujo@example.com', '18234567899', 'MG1823456', 6, 8),
       (20, 'Fernanda Costa', 'fernanda.costa@example.com', '19234567890', 'MG1923456', 2, 32);
